'2022/8/11/9:13:33',1.259,0.125,0.157,4.2
'2022/8/11/9:13:34',1.259,0.125,0.157,6.2
'2022/8/11/9:13:35',1.259,0.126,0.159,8.3
'2022/8/11/9:13:36',1.259,0.125,0.157,10.4
'2022/8/11/9:13:37',1.259,0.128,0.161,10.4
'2022/8/11/9:13:38',1.259,0.126,0.159,10.4
'2022/8/11/9:13:50',1.260,0.125,0.158,62.5
'2022/8/11/9:13:51',1.259,0.126,0.159,67.7
'2022/8/11/9:13:52',1.256,0.124,0.156,62.5
'2022/8/11/9:13:53',1.258,0.126,0.159,57.3
'2022/8/11/9:13:54',1.258,0.125,0.157,57.3
'2022/8/11/9:13:55',1.258,0.125,0.157,57.3
'2022/8/11/9:13:56',1.258,0.125,0.157,57.3
'2022/8/11/9:13:57',1.258,0.125,0.157,57.3
'2022/8/11/9:13:58',1.259,0.128,0.161,52.1
'2022/8/11/9:13:59',1.258,0.126,0.159,46.9
'2022/8/11/9:14:7',1.258,0.124,0.156,67.7
'2022/8/11/9:14:11',1.258,0.126,0.159,67.7
'2022/8/11/9:14:13',1.256,0.125,0.157,62.5
'2022/8/11/9:14:15',1.256,0.125,0.157,62.5
'2022/8/11/9:14:17',1.258,0.125,0.157,62.5
'2022/8/11/9:14:19',1.258,0.126,0.159,62.5
'2022/8/11/9:14:20',1.258,0.126,0.159,62.5
'2022/8/11/9:14:22',1.258,0.126,0.159,62.5
'2022/8/11/9:14:24',1.258,0.126,0.159,62.5
'2022/8/11/9:14:26',1.258,0.124,0.156,62.5
'2022/8/11/9:14:28',1.256,0.125,0.157,67.7
'2022/8/11/9:14:29',1.256,0.125,0.157,67.7
'2022/8/11/9:14:31',1.256,0.125,0.157,67.7
'2022/8/11/9:14:33',1.256,0.128,0.161,67.7
'2022/8/11/9:14:35',1.256,0.126,0.158,67.7
'2022/8/11/9:14:37',1.256,0.125,0.157,67.7
'2022/8/11/9:14:38',1.256,0.125,0.157,67.7
'2022/8/11/9:14:40',1.256,0.126,0.158,67.7
'2022/8/11/9:14:42',1.256,0.126,0.158,67.7
'2022/8/11/9:14:44',1.255,0.125,0.157,62.5
'2022/8/11/9:14:46',1.255,0.126,0.158,62.5
'2022/8/11/9:14:48',1.256,0.126,0.158,62.5
'2022/8/11/9:14:50',1.256,0.125,0.157,62.5
'2022/8/11/9:14:52',1.256,0.125,0.157,62.5
'2022/8/11/9:14:54',1.256,0.125,0.157,62.5
'2022/8/11/9:14:55',1.254,0.124,0.155,57.3
'2022/8/11/9:14:57',1.256,0.126,0.158,52.1
'2022/8/11/9:14:59',1.255,0.125,0.157,46.9
'2022/8/11/9:15:1',1.255,0.126,0.158,46.9
'2022/8/11/9:15:3',1.255,0.125,0.157,46.9
'2022/8/11/9:15:5',1.255,0.125,0.157,46.9
'2022/8/11/9:15:7',1.255,0.124,0.156,46.9
'2022/8/11/9:15:9',1.255,0.126,0.158,46.9
'2022/8/11/9:15:11',1.255,0.125,0.157,46.9
'2022/8/11/9:15:13',1.255,0.125,0.157,46.9
'2022/8/11/9:15:15',1.255,0.126,0.158,46.9
'2022/8/11/9:15:17',1.256,0.125,0.157,52.1
'2022/8/11/9:15:19',1.255,0.125,0.157,52.1
'2022/8/11/9:15:21',1.254,0.124,0.155,46.9
'2022/8/11/9:15:23',1.255,0.124,0.156,41.7
'2022/8/11/9:15:25',1.255,0.124,0.156,41.7
'2022/8/11/9:15:26',1.255,0.124,0.156,41.7
'2022/8/11/9:15:28',1.255,0.124,0.156,41.7
'2022/8/11/9:15:30',1.254,0.124,0.155,36.5
'2022/8/11/9:15:32',1.255,0.126,0.158,31.2
'2022/8/11/9:15:34',1.254,0.126,0.158,31.2
'2022/8/11/9:15:36',1.254,0.125,0.157,31.2
'2022/8/11/9:15:38',1.254,0.125,0.157,31.2
'2022/8/11/9:15:40',1.252,0.125,0.157,31.2
'2022/8/11/9:15:42',1.254,0.126,0.158,26.0
'2022/8/11/9:15:44',1.254,0.125,0.157,26.0
'2022/8/11/9:15:46',1.254,0.126,0.158,26.0
'2022/8/11/9:15:48',1.254,0.125,0.157,26.0
'2022/8/11/9:15:50',1.255,0.126,0.158,20.8
'2022/8/11/9:15:52',1.252,0.126,0.158,20.8
'2022/8/11/9:15:54',1.252,0.126,0.158,20.8
'2022/8/11/9:15:56',1.254,0.125,0.157,26.0
'2022/8/11/9:16:30',1.252,0.124,0.155,600.0
'2022/8/11/9:16:31',1.252,0.125,0.157,550.0
'2022/8/11/9:16:32',1.252,0.124,0.155,500.0
'2022/8/11/9:16:33',1.252,0.125,0.157,450.0
'2022/8/11/9:16:34',1.252,0.125,0.157,400.0
'2022/8/11/9:16:35',1.252,0.125,0.157,350.0
'2022/8/11/9:16:36',1.252,0.125,0.157,300.0
'2022/8/11/9:16:37',1.252,0.125,0.157,250.0
'2022/8/11/9:16:39',1.251,0.124,0.155,200.0
'2022/8/11/9:16:40',1.251,0.125,0.156,150.0
'2022/8/11/9:16:41',1.252,0.126,0.158,100.0
'2022/8/11/9:16:42',1.251,0.125,0.156,50.0
'2022/8/11/9:16:43',1.252,0.124,0.155,100.0
'2022/8/11/9:16:44',1.251,0.125,0.156,150.0
'2022/8/11/9:16:45',1.251,0.126,0.158,100.0
'2022/8/11/9:16:46',1.252,0.126,0.158,50.0
'2022/8/11/9:16:47',1.251,0.126,0.158,50.0
'2022/8/11/9:16:48',1.251,0.126,0.158,50.0
'2022/8/11/9:16:49',1.251,0.125,0.156,50.0
'2022/8/11/9:16:50',1.252,0.125,0.157,0.0
'2022/8/11/9:16:51',1.250,0.124,0.155,50.0
'2022/8/11/9:16:52',1.252,0.124,0.155,50.0
'2022/8/11/9:16:53',1.250,0.125,0.156,100.0
'2022/8/11/9:16:54',1.250,0.126,0.158,50.0
'2022/8/11/9:16:55',1.251,0.124,0.155,100.0
'2022/8/11/9:16:57',1.252,0.124,0.155,50.0
'2022/8/11/9:16:58',1.251,0.126,0.158,100.0
'2022/8/11/9:16:59',1.252,0.124,0.155,150.0
'2022/8/11/9:17:0',1.252,0.125,0.157,100.0
'2022/8/11/9:17:1',1.251,0.124,0.155,50.0
'2022/8/11/9:17:2',1.251,0.124,0.155,50.0
'2022/8/11/9:17:3',1.251,0.125,0.156,50.0
'2022/8/11/9:17:4',1.250,0.125,0.156,50.0
'2022/8/11/9:17:5',1.251,0.125,0.156,50.0
'2022/8/11/9:17:6',1.251,0.123,0.154,50.0
'2022/8/11/9:17:7',1.251,0.125,0.156,50.0
'2022/8/11/9:17:8',1.251,0.124,0.155,50.0
'2022/8/11/9:17:9',1.250,0.125,0.156,100.0
'2022/8/11/9:17:13',1.252,0.123,0.154,150.0
'2022/8/11/9:17:14',1.251,0.124,0.155,200.0
'2022/8/11/9:17:15',1.251,0.125,0.156,150.0
'2022/8/11/9:17:16',1.250,0.124,0.155,100.0
'2022/8/11/9:17:17',1.250,0.125,0.156,50.0
'2022/8/11/9:17:19',1.251,0.125,0.156,50.0
'2022/8/11/9:17:20',1.250,0.125,0.156,50.0
'2022/8/11/9:17:21',1.251,0.125,0.156,50.0
'2022/8/11/9:17:22',1.250,0.124,0.155,0.0
'2022/8/11/9:17:23',1.251,0.125,0.156,50.0
'2022/8/11/9:17:24',1.250,0.125,0.156,50.0
'2022/8/11/9:17:25',1.249,0.126,0.157,100.0
'2022/8/11/9:17:26',1.251,0.124,0.155,150.0
'2022/8/11/9:17:27',1.250,0.123,0.154,100.0
'2022/8/11/9:17:28',1.251,0.125,0.156,50.0
'2022/8/11/9:17:29',1.251,0.125,0.156,50.0
'2022/8/11/9:17:30',1.251,0.125,0.156,50.0
'2022/8/11/9:17:31',1.250,0.124,0.155,0.0
'2022/8/11/9:17:32',1.250,0.124,0.155,50.0
'2022/8/11/9:17:33',1.250,0.125,0.156,50.0
'2022/8/11/9:17:34',1.250,0.125,0.156,50.0
'2022/8/11/9:17:35',1.251,0.125,0.156,50.0
'2022/8/11/9:17:36',1.250,0.125,0.156,50.0
'2022/8/11/9:17:37',1.249,0.125,0.156,50.0
'2022/8/11/9:17:38',1.250,0.125,0.156,50.0
'2022/8/11/9:17:39',1.250,0.125,0.156,50.0
'2022/8/11/9:17:40',1.250,0.125,0.156,50.0
'2022/8/11/9:17:42',1.251,0.124,0.155,100.0
'2022/8/11/9:17:43',1.250,0.124,0.155,50.0
'2022/8/11/9:17:44',1.250,0.125,0.156,50.0
'2022/8/11/9:17:45',1.249,0.125,0.156,50.0
'2022/8/11/9:17:46',1.250,0.125,0.156,50.0
'2022/8/11/9:17:47',1.249,0.125,0.156,50.0
'2022/8/11/9:17:48',1.250,0.124,0.155,100.0
'2022/8/11/9:17:49',1.249,0.124,0.155,50.0
'2022/8/11/9:17:50',1.250,0.125,0.156,0.0
'2022/8/11/9:17:51',1.250,0.125,0.156,50.0
'2022/8/11/9:17:52',1.250,0.125,0.156,50.0
'2022/8/11/9:17:53',1.250,0.124,0.155,50.0
'2022/8/11/9:17:54',1.250,0.126,0.158,50.0
'2022/8/11/9:17:55',1.250,0.125,0.156,50.0
'2022/8/11/9:17:56',1.250,0.125,0.156,50.0
'2022/8/11/9:17:57',1.249,0.125,0.156,50.0
'2022/8/11/9:17:58',1.249,0.124,0.155,50.0
'2022/8/11/9:17:59',1.250,0.125,0.156,0.0
'2022/8/11/9:18:0',1.250,0.124,0.155,50.0
'2022/8/11/9:18:2',1.251,0.124,0.155,50.0
'2022/8/11/9:18:3',1.249,0.125,0.156,100.0
'2022/8/11/9:18:4',1.250,0.124,0.155,150.0
'2022/8/11/9:18:5',1.249,0.126,0.157,200.0
'2022/8/11/9:18:6',1.249,0.125,0.156,150.0
'2022/8/11/9:18:7',1.248,0.125,0.156,100.0
'2022/8/11/9:18:8',1.250,0.126,0.158,50.0
'2022/8/11/9:18:9',1.248,0.125,0.156,0.0
'2022/8/11/9:18:10',1.249,0.124,0.155,50.0
'2022/8/11/9:18:11',1.249,0.125,0.156,50.0
'2022/8/11/9:18:12',1.249,0.125,0.156,50.0
'2022/8/11/9:18:13',1.250,0.124,0.155,100.0
'2022/8/11/9:18:14',1.249,0.125,0.156,150.0
'2022/8/11/9:18:15',1.250,0.125,0.156,100.0
'2022/8/11/9:18:16',1.249,0.125,0.156,50.0
'2022/8/11/9:18:17',1.249,0.126,0.157,50.0
'2022/8/11/9:18:18',1.249,0.125,0.156,50.0
'2022/8/11/9:18:20',1.249,0.125,0.156,50.0
'2022/8/11/9:18:21',1.249,0.125,0.156,50.0
'2022/8/11/9:18:22',1.249,0.125,0.156,50.0
'2022/8/11/9:18:23',1.249,0.125,0.156,50.0
'2022/8/11/9:18:24',1.248,0.126,0.157,100.0
'2022/8/11/9:18:25',1.249,0.124,0.155,150.0
'2022/8/11/9:18:26',1.248,0.124,0.155,100.0
'2022/8/11/9:18:27',1.249,0.124,0.155,50.0
'2022/8/11/9:18:28',1.249,0.124,0.155,50.0
'2022/8/11/9:18:29',1.248,0.124,0.155,50.0
'2022/8/11/9:18:30',1.248,0.125,0.156,50.0
'2022/8/11/9:18:31',1.249,0.125,0.156,50.0
'2022/8/11/9:18:32',1.250,0.125,0.156,50.0
'2022/8/11/9:18:33',1.249,0.124,0.155,0.0
'2022/8/11/9:18:34',1.249,0.124,0.155,50.0
'2022/8/11/9:18:35',1.249,0.125,0.156,50.0
'2022/8/11/9:18:36',1.249,0.125,0.156,50.0
'2022/8/11/9:18:37',1.248,0.125,0.156,50.0
'2022/8/11/9:18:38',1.249,0.125,0.156,50.0
'2022/8/11/9:18:39',1.249,0.126,0.157,50.0
'2022/8/11/9:18:40',1.248,0.124,0.155,0.0
'2022/8/11/9:18:41',1.249,0.125,0.156,50.0
'2022/8/11/9:18:42',1.248,0.125,0.156,50.0
'2022/8/11/9:18:43',1.248,0.124,0.155,50.0
'2022/8/11/9:18:44',1.248,0.124,0.155,50.0
'2022/8/11/9:18:45',1.246,0.125,0.156,100.0
'2022/8/11/9:18:46',1.248,0.125,0.156,50.0
'2022/8/11/9:18:47',1.248,0.125,0.156,50.0
'2022/8/11/9:18:49',1.249,0.124,0.155,100.0
'2022/8/11/9:18:50',1.249,0.124,0.155,50.0
'2022/8/11/9:18:51',1.248,0.125,0.156,100.0
'2022/8/11/9:18:52',1.249,0.124,0.155,150.0
'2022/8/11/9:18:53',1.249,0.124,0.155,100.0
'2022/8/11/9:18:54',1.248,0.124,0.155,50.0
'2022/8/11/9:18:55',1.248,0.125,0.156,50.0
'2022/8/11/9:18:56',1.248,0.124,0.155,50.0
'2022/8/11/9:18:57',1.248,0.125,0.156,50.0
'2022/8/11/9:18:58',1.248,0.123,0.154,50.0
'2022/8/11/9:18:59',1.246,0.124,0.155,100.0
'2022/8/11/9:19:0',1.249,0.125,0.156,50.0
'2022/8/11/9:19:1',1.248,0.125,0.156,50.0
'2022/8/11/9:19:2',1.248,0.124,0.155,50.0
'2022/8/11/9:19:3',1.248,0.124,0.155,50.0
'2022/8/11/9:19:4',1.248,0.124,0.155,50.0
'2022/8/11/9:19:5',1.249,0.125,0.156,0.0
'2022/8/11/9:19:6',1.248,0.125,0.156,50.0
'2022/8/11/9:19:7',1.248,0.124,0.155,50.0
'2022/8/11/9:19:8',1.249,0.124,0.155,50.0
'2022/8/11/9:19:9',1.248,0.124,0.155,50.0
'2022/8/11/9:19:10',1.248,0.124,0.155,50.0
'2022/8/11/9:19:11',1.249,0.124,0.155,50.0
'2022/8/11/9:19:13',1.248,0.125,0.156,100.0
'2022/8/11/9:19:14',1.248,0.123,0.154,50.0
'2022/8/11/9:19:15',1.248,0.123,0.154,50.0
'2022/8/11/9:19:16',1.248,0.124,0.155,50.0
'2022/8/11/9:19:17',1.248,0.125,0.156,50.0
'2022/8/11/9:19:18',1.246,0.124,0.155,0.0
'2022/8/11/9:19:19',1.248,0.124,0.155,50.0
'2022/8/11/9:19:20',1.248,0.124,0.155,50.0
'2022/8/11/9:19:21',1.248,0.124,0.155,50.0
'2022/8/11/9:19:22',1.246,0.124,0.155,50.0
'2022/8/11/9:19:23',1.245,0.124,0.154,0.0
'2022/8/11/9:19:24',1.246,0.125,0.156,50.0
'2022/8/11/9:19:25',1.248,0.124,0.155,100.0
'2022/8/11/9:19:26',1.246,0.126,0.157,150.0
'2022/8/11/9:19:27',1.245,0.125,0.156,100.0
'2022/8/11/9:19:28',1.248,0.124,0.155,150.0
'2022/8/11/9:19:29',1.248,0.125,0.156,100.0
'2022/8/11/9:19:30',1.248,0.124,0.155,50.0
'2022/8/11/9:19:31',1.246,0.125,0.156,100.0
'2022/8/11/9:19:32',1.249,0.124,0.155,150.0
'2022/8/11/9:19:33',1.246,0.125,0.156,200.0
'2022/8/11/9:19:34',1.246,0.124,0.155,150.0
'2022/8/11/9:19:35',1.246,0.126,0.157,100.0
'2022/8/11/9:19:36',1.246,0.124,0.155,50.0
'2022/8/11/9:19:37',1.246,0.125,0.156,50.0
'2022/8/11/9:19:39',1.246,0.125,0.156,50.0
'2022/8/11/9:19:40',1.246,0.126,0.157,50.0
'2022/8/11/9:19:41',1.245,0.124,0.154,0.0
'2022/8/11/9:19:42',1.246,0.124,0.155,50.0
'2022/8/11/9:19:43',1.246,0.125,0.156,50.0
'2022/8/11/9:19:44',1.246,0.123,0.153,50.0
'2022/8/11/9:19:45',1.248,0.124,0.155,0.0
'2022/8/11/9:19:46',1.245,0.124,0.154,50.0
'2022/8/11/9:19:47',1.246,0.124,0.155,0.0
'2022/8/11/9:19:48',1.246,0.125,0.156,50.0
'2022/8/11/9:19:49',1.246,0.124,0.155,50.0
'2022/8/11/9:19:50',1.246,0.124,0.155,50.0
'2022/8/11/9:19:51',1.248,0.125,0.156,0.0
'2022/8/11/9:19:52',1.246,0.123,0.153,50.0
'2022/8/11/9:19:53',1.246,0.125,0.156,50.0
'2022/8/11/9:19:54',1.245,0.124,0.154,0.0
'2022/8/11/9:19:55',1.245,0.123,0.153,50.0
'2022/8/11/9:19:56',1.245,0.124,0.154,50.0
'2022/8/11/9:19:57',1.246,0.124,0.155,0.0
'2022/8/11/9:19:58',1.246,0.125,0.156,50.0
'2022/8/11/9:19:59',1.245,0.125,0.156,50.0
'2022/8/11/9:20:0',1.245,0.124,0.154,50.0
'2022/8/11/9:20:1',1.245,0.124,0.154,50.0
'2022/8/11/9:20:3',1.246,0.124,0.155,0.0
'2022/8/11/9:20:4',1.245,0.125,0.156,50.0
'2022/8/11/9:20:5',1.246,0.124,0.155,100.0
'2022/8/11/9:20:6',1.245,0.124,0.154,50.0
'2022/8/11/9:20:7',1.246,0.125,0.156,0.0
'2022/8/11/9:20:8',1.245,0.125,0.156,50.0
'2022/8/11/9:20:9',1.245,0.124,0.154,50.0
'2022/8/11/9:20:10',1.246,0.125,0.156,0.0
'2022/8/11/9:20:11',1.248,0.124,0.155,50.0
'2022/8/11/9:20:12',1.245,0.124,0.154,0.0
'2022/8/11/9:20:13',1.245,0.124,0.154,50.0
'2022/8/11/9:20:14',1.246,0.124,0.155,0.0
'2022/8/11/9:20:15',1.245,0.124,0.154,50.0
'2022/8/11/9:20:16',1.245,0.125,0.156,50.0
'2022/8/11/9:20:17',1.248,0.124,0.155,100.0
'2022/8/11/9:20:18',1.246,0.124,0.155,50.0
'2022/8/11/9:20:19',1.245,0.124,0.154,0.0
'2022/8/11/9:20:21',1.246,0.125,0.156,50.0
'2022/8/11/9:20:22',1.246,0.124,0.155,50.0
'2022/8/11/9:20:23',1.246,0.124,0.155,50.0
'2022/8/11/9:20:24',1.246,0.124,0.155,50.0
'2022/8/11/9:20:25',1.245,0.124,0.154,0.0
'2022/8/11/9:20:26',1.245,0.124,0.154,50.0
'2022/8/11/9:20:27',1.245,0.123,0.153,50.0
'2022/8/11/9:20:28',1.245,0.124,0.154,50.0
'2022/8/11/9:20:29',1.245,0.123,0.153,50.0
'2022/8/11/9:20:30',1.245,0.125,0.156,50.0
'2022/8/11/9:20:31',1.245,0.124,0.154,50.0
'2022/8/11/9:20:32',1.245,0.126,0.157,50.0
'2022/8/11/9:20:33',1.245,0.124,0.154,50.0
'2022/8/11/9:20:34',1.245,0.124,0.154,50.0
'2022/8/11/9:20:35',1.245,0.123,0.153,50.0
'2022/8/11/9:20:36',1.245,0.125,0.156,50.0
'2022/8/11/9:20:37',1.245,0.124,0.154,50.0
'2022/8/11/9:20:38',1.245,0.125,0.156,50.0
'2022/8/11/9:20:39',1.245,0.124,0.154,50.0
'2022/8/11/9:20:40',1.245,0.124,0.154,50.0
'2022/8/11/9:20:42',1.245,0.124,0.154,50.0
'2022/8/11/9:20:43',1.245,0.125,0.156,50.0
'2022/8/11/9:20:44',1.245,0.124,0.154,50.0
'2022/8/11/9:20:45',1.242,0.124,0.154,50.0
'2022/8/11/9:20:46',1.245,0.124,0.154,50.0
'2022/8/11/9:20:47',1.245,0.123,0.153,50.0
'2022/8/11/9:20:48',1.245,0.125,0.156,50.0
'2022/8/11/9:20:49',1.245,0.123,0.153,50.0
'2022/8/11/9:20:50',1.245,0.124,0.154,50.0
'2022/8/11/9:20:51',1.245,0.124,0.154,50.0
'2022/8/11/9:20:52',1.242,0.126,0.156,100.0
'2022/8/11/9:20:53',1.245,0.125,0.156,50.0
'2022/8/11/9:20:54',1.244,0.124,0.154,0.0
'2022/8/11/9:20:55',1.245,0.124,0.154,50.0
'2022/8/11/9:20:56',1.245,0.124,0.154,50.0
'2022/8/11/9:20:57',1.245,0.125,0.156,50.0
'2022/8/11/9:20:58',1.244,0.123,0.153,0.0
'2022/8/11/9:20:59',1.245,0.124,0.154,50.0
'2022/8/11/9:21:0',1.244,0.124,0.154,50.0
'2022/8/11/9:21:1',1.244,0.124,0.154,50.0
'2022/8/11/9:21:2',1.244,0.124,0.154,50.0
'2022/8/11/9:21:3',1.245,0.124,0.154,50.0
'2022/8/11/9:21:4',1.244,0.125,0.155,100.0
'2022/8/11/9:21:6',1.244,0.124,0.154,50.0
'2022/8/11/9:21:7',1.244,0.124,0.154,50.0
'2022/8/11/9:21:8',1.245,0.124,0.154,50.0
'2022/8/11/9:21:9',1.245,0.125,0.156,50.0
'2022/8/11/9:21:10',1.244,0.124,0.154,0.0
'2022/8/11/9:21:11',1.244,0.125,0.155,50.0
'2022/8/11/9:21:12',1.242,0.123,0.153,0.0
'2022/8/11/9:21:13',1.242,0.124,0.154,50.0
'2022/8/11/9:21:14',1.245,0.124,0.154,50.0
'2022/8/11/9:21:15',1.244,0.125,0.155,100.0
'2022/8/11/9:21:16',1.242,0.123,0.153,50.0
'2022/8/11/9:21:17',1.245,0.124,0.154,0.0
'2022/8/11/9:21:18',1.244,0.125,0.155,50.0
'2022/8/11/9:21:19',1.244,0.124,0.154,50.0
'2022/8/11/9:21:20',1.244,0.125,0.155,50.0
'2022/8/11/9:21:21',1.244,0.124,0.154,50.0
'2022/8/11/9:21:22',1.244,0.125,0.155,50.0
'2022/8/11/9:21:23',1.242,0.124,0.154,0.0
'2022/8/11/9:21:24',1.242,0.123,0.153,50.0
'2022/8/11/9:21:25',1.244,0.125,0.155,0.0
'2022/8/11/9:21:26',1.242,0.124,0.154,50.0
'2022/8/11/9:21:27',1.244,0.125,0.155,0.0
'2022/8/11/9:21:29',1.244,0.124,0.154,50.0
'2022/8/11/9:21:30',1.244,0.123,0.153,50.0
'2022/8/11/9:21:31',1.242,0.125,0.155,100.0
'2022/8/11/9:21:32',1.242,0.124,0.154,50.0
'2022/8/11/9:21:33',1.244,0.124,0.154,50.0
'2022/8/11/9:21:34',1.244,0.124,0.154,50.0
'2022/8/11/9:21:35',1.244,0.124,0.154,50.0
'2022/8/11/9:21:36',1.244,0.124,0.154,50.0
'2022/8/11/9:21:37',1.242,0.124,0.154,50.0
'2022/8/11/9:21:38',1.244,0.124,0.154,50.0
'2022/8/11/9:21:39',1.244,0.124,0.154,50.0
'2022/8/11/9:21:40',1.244,0.124,0.154,50.0
'2022/8/11/9:21:41',1.242,0.123,0.153,0.0
'2022/8/11/9:21:42',1.244,0.124,0.154,50.0
'2022/8/11/9:21:43',1.242,0.124,0.154,50.0
'2022/8/11/9:21:44',1.242,0.124,0.154,50.0
'2022/8/11/9:21:45',1.242,0.123,0.153,50.0
'2022/8/11/9:21:46',1.242,0.124,0.154,50.0
'2022/8/11/9:21:47',1.242,0.123,0.153,50.0
'2022/8/11/9:21:48',1.242,0.124,0.154,50.0
'2022/8/11/9:21:49',1.242,0.123,0.153,50.0
'2022/8/11/9:21:50',1.244,0.124,0.154,0.0
'2022/8/11/9:21:51',1.244,0.124,0.154,50.0
'2022/8/11/9:21:53',1.242,0.125,0.155,100.0
'2022/8/11/9:21:54',1.242,0.124,0.154,50.0
'2022/8/11/9:21:55',1.242,0.123,0.153,50.0
'2022/8/11/9:21:56',1.242,0.123,0.153,50.0
'2022/8/11/9:21:57',1.242,0.124,0.154,50.0
'2022/8/11/9:21:58',1.242,0.124,0.154,50.0
'2022/8/11/9:21:59',1.242,0.123,0.153,50.0
'2022/8/11/9:22:0',1.242,0.125,0.155,50.0
'2022/8/11/9:22:1',1.242,0.125,0.155,50.0
'2022/8/11/9:22:2',1.242,0.123,0.153,50.0
'2022/8/11/9:22:3',1.242,0.124,0.154,50.0
'2022/8/11/9:22:4',1.242,0.124,0.154,50.0
'2022/8/11/9:22:5',1.242,0.124,0.154,50.0
'2022/8/11/9:22:6',1.242,0.124,0.154,50.0
'2022/8/11/9:22:7',1.244,0.124,0.154,50.0
'2022/8/11/9:22:8',1.242,0.124,0.154,50.0
'2022/8/11/9:22:9',1.242,0.124,0.154,50.0
'2022/8/11/9:22:10',1.242,0.124,0.154,50.0
'2022/8/11/9:22:11',1.242,0.126,0.156,50.0
'2022/8/11/9:22:12',1.242,0.124,0.154,50.0
'2022/8/11/9:22:13',1.241,0.125,0.155,100.0
'2022/8/11/9:22:15',1.242,0.124,0.154,150.0
'2022/8/11/9:22:16',1.242,0.124,0.154,100.0
'2022/8/11/9:22:17',1.241,0.124,0.154,50.0
'2022/8/11/9:22:18',1.244,0.125,0.155,0.0
'2022/8/11/9:22:19',1.242,0.124,0.154,50.0
'2022/8/11/9:22:20',1.241,0.124,0.154,50.0
'2022/8/11/9:22:21',1.242,0.124,0.154,50.0
'2022/8/11/9:22:22',1.242,0.125,0.155,50.0
'2022/8/11/9:22:23',1.242,0.125,0.155,50.0
'2022/8/11/9:22:24',1.244,0.125,0.155,50.0
'2022/8/11/9:22:25',1.242,0.124,0.154,0.0
'2022/8/11/9:22:26',1.241,0.124,0.154,50.0
'2022/8/11/9:22:27',1.242,0.124,0.154,50.0
'2022/8/11/9:22:28',1.241,0.123,0.153,0.0
'2022/8/11/9:22:29',1.241,0.123,0.153,50.0
'2022/8/11/9:22:30',1.242,0.124,0.154,0.0
'2022/8/11/9:22:31',1.241,0.124,0.154,50.0
'2022/8/11/9:22:32',1.240,0.124,0.154,50.0
'2022/8/11/9:22:33',1.242,0.124,0.154,50.0
'2022/8/11/9:22:34',1.241,0.125,0.155,100.0
'2022/8/11/9:22:35',1.241,0.124,0.154,50.0
'2022/8/11/9:22:36',1.242,0.124,0.154,50.0
'2022/8/11/9:22:38',1.241,0.125,0.155,100.0
'2022/8/11/9:22:39',1.241,0.123,0.153,50.0
'2022/8/11/9:22:40',1.241,0.124,0.154,50.0
'2022/8/11/9:22:41',1.241,0.125,0.155,50.0
'2022/8/11/9:22:42',1.241,0.124,0.154,50.0
'2022/8/11/9:22:43',1.242,0.123,0.153,100.0
'2022/8/11/9:22:44',1.241,0.123,0.153,50.0
'2022/8/11/9:22:45',1.241,0.124,0.154,50.0
'2022/8/11/9:22:46',1.242,0.124,0.154,50.0
'2022/8/11/9:22:47',1.240,0.123,0.153,0.0
'2022/8/11/9:22:48',1.241,0.126,0.156,50.0
'2022/8/11/9:22:49',1.242,0.121,0.150,100.0
'2022/8/11/9:22:50',1.241,0.124,0.154,150.0
'2022/8/11/9:22:51',1.242,0.124,0.154,100.0
'2022/8/11/9:22:52',1.240,0.123,0.153,50.0
'2022/8/11/9:22:53',1.241,0.124,0.154,0.0
'2022/8/11/9:22:54',1.241,0.123,0.153,50.0
'2022/8/11/9:22:55',1.241,0.125,0.155,50.0
'2022/8/11/9:22:56',1.242,0.123,0.153,100.0
'2022/8/11/9:22:57',1.242,0.123,0.153,50.0
'2022/8/11/9:22:58',1.241,0.125,0.155,100.0
'2022/8/11/9:23:0',1.242,0.124,0.154,150.0
'2022/8/11/9:23:1',1.241,0.124,0.154,100.0
'2022/8/11/9:23:2',1.241,0.124,0.154,50.0
'2022/8/11/9:23:3',1.241,0.124,0.154,50.0
'2022/8/11/9:23:4',1.241,0.121,0.150,50.0
'2022/8/11/9:23:5',1.240,0.124,0.154,100.0
'2022/8/11/9:23:6',1.241,0.125,0.155,50.0
'2022/8/11/9:23:7',1.241,0.124,0.154,50.0
'2022/8/11/9:23:8',1.241,0.125,0.155,50.0
'2022/8/11/9:23:9',1.240,0.123,0.153,0.0
'2022/8/11/9:23:10',1.240,0.124,0.154,50.0
'2022/8/11/9:23:11',1.241,0.123,0.153,100.0
'2022/8/11/9:23:12',1.241,0.125,0.155,50.0
'2022/8/11/9:23:13',1.241,0.123,0.153,50.0
'2022/8/11/9:23:14',1.241,0.124,0.154,50.0
'2022/8/11/9:23:15',1.241,0.123,0.153,50.0
'2022/8/11/9:23:16',1.240,0.123,0.153,50.0
'2022/8/11/9:23:17',1.240,0.124,0.154,50.0
'2022/8/11/9:23:18',1.240,0.124,0.154,50.0
'2022/8/11/9:23:19',1.241,0.125,0.155,0.0
'2022/8/11/9:23:20',1.241,0.124,0.154,50.0
'2022/8/11/9:23:21',1.241,0.124,0.154,50.0
'2022/8/11/9:23:23',1.240,0.125,0.155,100.0
'2022/8/11/9:23:24',1.241,0.123,0.153,150.0
'2022/8/11/9:23:25',1.241,0.124,0.154,100.0
'2022/8/11/9:23:26',1.240,0.124,0.154,50.0
'2022/8/11/9:23:27',1.240,0.124,0.154,50.0
'2022/8/11/9:23:28',1.239,0.123,0.152,0.0
'2022/8/11/9:23:29',1.240,0.124,0.154,50.0
'2022/8/11/9:23:30',1.240,0.125,0.155,50.0
'2022/8/11/9:23:31',1.241,0.124,0.154,100.0
'2022/8/11/9:23:32',1.240,0.124,0.154,50.0
'2022/8/11/9:23:33',1.240,0.124,0.154,50.0
'2022/8/11/9:23:34',1.240,0.124,0.154,50.0
'2022/8/11/9:23:35',1.239,0.123,0.152,0.0
'2022/8/11/9:23:36',1.241,0.124,0.154,50.0
'2022/8/11/9:23:37',1.240,0.124,0.154,50.0
'2022/8/11/9:23:38',1.240,0.124,0.154,50.0
'2022/8/11/9:23:39',1.241,0.125,0.155,0.0
'2022/8/11/9:23:40',1.240,0.123,0.153,50.0
'2022/8/11/9:23:41',1.240,0.124,0.154,50.0
'2022/8/11/9:23:42',1.241,0.123,0.153,100.0
'2022/8/11/9:23:43',1.240,0.124,0.154,150.0
'2022/8/11/9:23:44',1.241,0.124,0.154,100.0
'2022/8/11/9:23:45',1.240,0.124,0.154,50.0
'2022/8/11/9:23:47',1.240,0.124,0.154,50.0
'2022/8/11/9:23:48',1.240,0.124,0.154,50.0
'2022/8/11/9:23:49',1.239,0.124,0.154,50.0
'2022/8/11/9:23:50',1.240,0.123,0.153,100.0
'2022/8/11/9:23:51',1.240,0.124,0.154,50.0
'2022/8/11/9:23:52',1.239,0.124,0.154,50.0
'2022/8/11/9:23:53',1.240,0.123,0.153,100.0
'2022/8/11/9:23:54',1.239,0.124,0.154,150.0
'2022/8/11/9:39:47',1.222,0.123,0.150,4.2
'2022/8/11/9:40:33',1.221,0.123,0.150,4.2
'2022/8/11/9:40:37',1.220,0.121,0.148,6.2
'2022/8/11/9:40:39',1.221,0.124,0.151,8.3
'2022/8/11/9:40:41',1.220,0.121,0.148,10.4
'2022/8/11/9:40:43',1.220,0.121,0.148,10.4
'2022/8/11/9:40:45',1.221,0.123,0.150,8.3
'2022/8/11/9:40:47',1.220,0.123,0.150,10.4
'2022/8/11/9:40:48',1.222,0.121,0.148,12.5
'2022/8/11/9:40:50',1.221,0.121,0.148,12.5
'2022/8/11/9:40:52',1.221,0.121,0.148,12.5
'2022/8/11/9:40:54',1.221,0.121,0.148,12.5
'2022/8/11/9:40:56',1.221,0.121,0.148,12.5
'2022/8/11/9:40:57',1.220,0.124,0.151,14.6
'2022/8/11/9:40:59',1.221,0.123,0.150,16.7
'2022/8/11/9:41:1',1.221,0.120,0.147,16.7
'2022/8/11/9:41:3',1.221,0.121,0.148,16.7
'2022/8/11/9:41:5',1.220,0.121,0.148,16.7
'2022/8/11/9:41:7',1.220,0.123,0.150,16.7
'2022/8/11/9:41:9',1.220,0.121,0.148,16.7
'2022/8/11/9:41:11',1.221,0.121,0.148,16.7
'2022/8/11/9:41:13',1.220,0.123,0.150,18.8
'2022/8/11/9:41:15',1.220,0.121,0.148,18.8
'2022/8/11/9:41:17',1.220,0.123,0.150,18.8
'2022/8/11/9:41:19',1.220,0.120,0.146,18.8
'2022/8/11/9:41:21',1.221,0.120,0.147,16.7
'2022/8/11/9:41:23',1.220,0.121,0.148,18.8
'2022/8/11/9:41:25',1.221,0.121,0.148,18.8
'2022/8/11/9:41:27',1.220,0.121,0.148,18.8
'2022/8/11/9:41:28',1.220,0.121,0.148,18.8
'2022/8/11/9:41:30',1.220,0.121,0.148,18.8
'2022/8/11/9:41:32',1.220,0.121,0.148,18.8
'2022/8/11/9:41:34',1.220,0.123,0.150,18.8
'2022/8/11/9:41:37',1.220,0.121,0.148,18.8
'2022/8/11/9:43:38',1.219,0.121,0.147,4.2
'2022/8/11/9:43:42',1.219,0.123,0.150,6.2
'2022/8/11/9:43:44',1.219,0.121,0.147,8.3
'2022/8/11/9:43:46',1.220,0.123,0.150,10.4
'2022/8/11/9:43:48',1.218,0.123,0.150,10.4
'2022/8/11/9:43:49',1.219,0.121,0.147,12.5
'2022/8/11/9:43:51',1.218,0.123,0.150,14.6
'2022/8/11/9:43:53',1.219,0.120,0.146,16.7
'2022/8/11/9:43:55',1.219,0.121,0.147,16.7
'2022/8/11/9:43:57',1.219,0.123,0.150,16.7
'2022/8/11/9:43:58',1.219,0.123,0.150,16.7
'2022/8/11/9:44:0',1.219,0.123,0.150,16.7
'2022/8/11/9:44:2',1.218,0.123,0.150,16.7
'2022/8/11/9:44:4',1.219,0.123,0.150,16.7
'2022/8/11/9:44:6',1.219,0.121,0.147,16.7
'2022/8/11/9:44:8',1.219,0.120,0.146,16.7
'2022/8/11/9:44:10',1.218,0.121,0.147,18.8
'2022/8/11/9:44:11',1.218,0.121,0.147,18.8
'2022/8/11/9:44:13',1.219,0.120,0.146,20.8
'2022/8/11/9:44:15',1.219,0.121,0.147,20.8
'2022/8/11/9:44:17',1.219,0.121,0.147,20.8
'2022/8/11/9:44:19',1.218,0.121,0.147,20.8
'2022/8/11/9:44:21',1.219,0.120,0.146,22.9
'2022/8/11/9:44:23',1.219,0.123,0.150,22.9
'2022/8/11/9:44:25',1.218,0.121,0.147,20.8
'2022/8/11/9:44:27',1.218,0.121,0.147,20.8
'2022/8/11/9:44:29',1.220,0.120,0.146,22.9
'2022/8/11/9:44:31',1.219,0.120,0.146,22.9
'2022/8/11/9:44:33',1.219,0.121,0.147,22.9
'2022/8/11/9:44:35',1.218,0.121,0.147,22.9
'2022/8/11/9:44:37',1.218,0.123,0.150,22.9
'2022/8/11/9:44:39',1.219,0.123,0.150,22.9
'2022/8/11/9:44:41',1.218,0.121,0.147,20.8
'2022/8/11/9:44:43',1.218,0.120,0.146,20.8
'2022/8/11/9:44:45',1.218,0.123,0.150,20.8
'2022/8/11/9:44:47',1.218,0.123,0.150,20.8
'2022/8/11/9:44:49',1.218,0.121,0.147,20.8
'2022/8/11/9:44:51',1.218,0.123,0.150,20.8
'2022/8/11/9:44:53',1.218,0.121,0.147,20.8
'2022/8/11/9:44:55',1.218,0.120,0.146,20.8
'2022/8/11/9:44:57',1.218,0.121,0.147,20.8
'2022/8/11/9:44:59',1.219,0.121,0.147,20.8
'2022/8/11/9:45:1',1.218,0.120,0.146,18.8
'2022/8/11/9:45:3',1.218,0.121,0.147,18.8
'2022/8/11/9:45:5',1.218,0.121,0.147,18.8
'2022/8/11/9:45:7',1.218,0.121,0.147,18.8
'2022/8/11/9:45:9',1.218,0.121,0.147,18.8
'2022/8/11/9:45:11',1.219,0.123,0.150,16.7
'2022/8/11/9:45:13',1.218,0.121,0.147,14.6
'2022/8/11/9:45:15',1.216,0.123,0.150,16.7
'2022/8/11/9:45:17',1.216,0.123,0.150,16.7
'2022/8/11/9:45:19',1.218,0.124,0.151,14.6
'2022/8/11/9:45:21',1.218,0.123,0.150,14.6
'2022/8/11/9:45:23',1.218,0.121,0.147,14.6
'2022/8/11/9:45:25',1.218,0.121,0.147,14.6
'2022/8/11/9:45:28',1.216,0.123,0.150,16.7
'2022/8/11/9:45:30',1.218,0.121,0.147,18.8
'2022/8/11/9:45:32',1.218,0.121,0.147,18.8
'2022/8/11/9:45:34',1.219,0.121,0.147,18.8
'2022/8/11/9:45:36',1.218,0.121,0.147,18.8
'2022/8/11/9:45:38',1.216,0.123,0.150,20.8
'2022/8/11/9:45:40',1.218,0.121,0.147,22.9
'2022/8/11/9:45:42',1.218,0.121,0.147,22.9
'2022/8/11/9:45:44',1.218,0.120,0.146,22.9
'2022/8/11/9:45:46',1.218,0.120,0.146,22.9
'2022/8/11/9:45:49',1.216,0.123,0.150,25.0
'2022/8/11/9:45:51',1.218,0.121,0.147,27.1
'2022/8/11/9:45:53',1.218,0.120,0.146,27.1
'2022/8/11/9:45:55',1.218,0.123,0.150,27.1
'2022/8/11/9:45:57',1.216,0.121,0.147,25.0
'2022/8/11/9:45:59',1.215,0.121,0.147,25.0
'2022/8/11/9:46:1',1.218,0.121,0.147,25.0
'2022/8/11/9:46:3',1.218,0.123,0.150,25.0
'2022/8/11/9:46:5',1.216,0.123,0.150,25.0
'2022/8/11/9:46:7',1.218,0.123,0.150,25.0
'2022/8/11/9:46:10',1.216,0.123,0.150,25.0
'2022/8/11/9:46:12',1.218,0.121,0.147,27.1
'2022/8/11/9:46:14',1.216,0.121,0.147,27.1
'2022/8/11/9:46:16',1.216,0.123,0.150,27.1
'2022/8/11/9:46:18',1.216,0.123,0.150,27.1
'2022/8/11/9:46:20',1.218,0.121,0.147,29.2
'2022/8/11/9:46:22',1.218,0.121,0.147,29.2
'2022/8/11/9:46:24',1.216,0.120,0.146,27.1
'2022/8/11/9:46:27',1.216,0.120,0.146,27.1
'2022/8/11/9:46:29',1.215,0.121,0.147,29.2
'2022/8/11/9:46:31',1.216,0.120,0.146,31.2
'2022/8/11/9:46:33',1.218,0.121,0.147,29.2
'2022/8/11/9:46:35',1.216,0.123,0.150,31.2
'2022/8/11/9:46:37',1.218,0.121,0.147,33.3
'2022/8/11/9:46:40',1.216,0.121,0.147,33.3
'2022/8/11/9:46:42',1.218,0.121,0.147,33.3
'2022/8/11/9:46:44',1.216,0.123,0.150,35.4
'2022/8/11/9:46:46',1.218,0.120,0.146,37.5
'2022/8/11/9:46:48',1.216,0.121,0.147,39.6
'2022/8/11/9:46:51',1.215,0.123,0.149,41.7
'2022/8/11/9:46:53',1.216,0.121,0.147,43.8
'2022/8/11/9:46:55',1.216,0.123,0.150,43.8
'2022/8/11/9:46:58',1.216,0.121,0.147,43.8
'2022/8/11/9:47:0',1.216,0.120,0.146,43.8
'2022/8/11/9:47:2',1.218,0.121,0.147,41.7
'2022/8/11/9:47:5',1.216,0.121,0.147,41.7
'2022/8/11/9:47:7',1.216,0.121,0.147,41.7
'2022/8/11/9:47:9',1.215,0.121,0.147,41.7
'2022/8/11/9:47:11',1.215,0.121,0.147,41.7
'2022/8/11/9:47:14',1.215,0.121,0.147,41.7
'2022/8/11/9:47:16',1.216,0.123,0.150,39.6
'2022/8/11/9:47:18',1.215,0.123,0.149,37.5
'2022/8/11/9:47:21',1.218,0.123,0.150,35.4
'2022/8/11/9:47:23',1.215,0.120,0.146,33.3
'2022/8/11/9:47:26',1.216,0.121,0.147,31.2
'2022/8/11/9:47:28',1.216,0.120,0.146,31.2
'2022/8/11/9:47:30',1.216,0.121,0.147,31.2
'2022/8/11/9:47:33',1.215,0.120,0.146,29.2
'2022/8/11/9:47:35',1.216,0.123,0.150,27.1
'2022/8/11/9:47:37',1.216,0.121,0.147,27.1
'2022/8/11/9:47:40',1.215,0.120,0.146,25.0
'2022/8/11/9:47:42',1.216,0.123,0.150,22.9
'2022/8/11/9:47:45',1.215,0.123,0.149,20.8
'2022/8/11/9:47:47',1.216,0.121,0.147,22.9
'2022/8/11/9:47:49',1.216,0.121,0.147,22.9
'2022/8/11/9:47:52',1.215,0.121,0.147,22.9
'2022/8/11/9:47:55',1.215,0.120,0.146,22.9
'2022/8/11/9:47:57',1.215,0.121,0.147,22.9
'2022/8/11/9:47:59',1.215,0.123,0.149,22.9
'2022/8/11/9:48:2',1.215,0.121,0.147,22.9
'2022/8/11/9:48:5',1.215,0.121,0.147,22.9
'2022/8/11/9:48:7',1.216,0.119,0.145,25.0
'2022/8/11/9:48:10',1.215,0.120,0.146,27.1
'2022/8/11/9:48:12',1.214,0.121,0.147,29.2
'2022/8/11/9:48:15',1.216,0.121,0.147,29.2
'2022/8/11/9:48:17',1.215,0.120,0.146,27.1
'2022/8/11/9:48:19',1.215,0.120,0.146,27.1
'2022/8/11/9:48:22',1.215,0.120,0.146,27.1
'2022/8/11/9:48:24',1.216,0.123,0.150,25.0
'2022/8/11/9:48:27',1.215,0.121,0.147,22.9
'2022/8/11/9:48:29',1.215,0.121,0.147,22.9
'2022/8/11/9:48:32',1.215,0.120,0.146,22.9
'2022/8/11/9:48:34',1.215,0.121,0.147,22.9
'2022/8/11/9:48:36',1.215,0.121,0.147,22.9
'2022/8/11/9:48:39',1.218,0.121,0.147,22.9
'2022/8/11/9:48:41',1.215,0.123,0.149,25.0
'2022/8/11/9:48:44',1.215,0.120,0.146,25.0
'2022/8/11/9:48:46',1.215,0.121,0.147,25.0
'2022/8/11/9:48:49',1.214,0.123,0.149,27.1
'2022/8/11/9:48:51',1.214,0.121,0.147,27.1
'2022/8/11/9:48:54',1.214,0.121,0.147,27.1
'2022/8/11/9:48:57',1.215,0.121,0.147,27.1
'2022/8/11/9:48:59',1.215,0.120,0.146,27.1
'2022/8/11/9:49:3',1.215,0.123,0.149,27.1
'2022/8/11/9:49:5',1.215,0.121,0.147,27.1
'2022/8/11/9:49:8',1.215,0.121,0.147,27.1
'2022/8/11/9:49:10',1.215,0.121,0.147,27.1
'2022/8/11/9:49:13',1.214,0.121,0.147,27.1
'2022/8/11/9:49:15',1.215,0.120,0.146,29.2
'2022/8/11/9:49:18',1.215,0.120,0.146,29.2
'2022/8/11/9:49:20',1.215,0.121,0.147,29.2
'2022/8/11/9:49:23',1.215,0.123,0.149,29.2
'2022/8/11/9:49:26',1.215,0.121,0.147,29.2
'2022/8/11/9:49:28',1.214,0.120,0.146,27.1
'2022/8/11/9:49:31',1.214,0.121,0.147,27.1
'2022/8/11/9:49:34',1.214,0.120,0.146,27.1
'2022/8/11/9:49:36',1.215,0.121,0.147,25.0
'2022/8/11/9:49:39',1.214,0.121,0.147,25.0
'2022/8/11/9:49:42',1.214,0.123,0.149,25.0
'2022/8/11/9:49:44',1.215,0.120,0.146,27.1
'2022/8/11/9:49:47',1.215,0.120,0.146,27.1
'2022/8/11/9:49:50',1.214,0.121,0.147,29.2
'2022/8/11/9:49:52',1.215,0.123,0.149,27.1
'2022/8/11/9:49:55',1.216,0.121,0.147,29.2
'2022/8/11/9:49:58',1.215,0.121,0.147,29.2
'2022/8/11/9:50:0',1.215,0.120,0.146,29.2
'2022/8/11/9:50:3',1.215,0.121,0.147,29.2
'2022/8/11/9:50:6',1.214,0.120,0.146,27.1
'2022/8/11/9:50:9',1.215,0.121,0.147,25.0
'2022/8/11/9:50:11',1.214,0.119,0.144,22.9
'2022/8/11/9:50:14',1.215,0.120,0.146,20.8
'2022/8/11/9:50:17',1.215,0.121,0.147,20.8
'2022/8/11/9:50:20',1.215,0.123,0.149,20.8
'2022/8/11/9:50:22',1.214,0.120,0.146,18.8
'2022/8/11/9:50:25',1.214,0.123,0.149,18.8
'2022/8/11/9:50:28',1.214,0.121,0.147,18.8
'2022/8/11/9:50:31',1.214,0.120,0.146,18.8
'2022/8/11/9:50:34',1.215,0.123,0.149,16.7
'2022/8/11/9:50:36',1.214,0.121,0.147,14.6
'2022/8/11/9:50:39',1.214,0.121,0.147,14.6
'2022/8/11/9:50:42',1.215,0.121,0.147,14.6
'2022/8/11/9:50:45',1.214,0.121,0.147,14.6
'2022/8/11/9:50:48',1.214,0.121,0.147,14.6
'2022/8/11/9:50:51',1.214,0.121,0.147,14.6
'2022/8/11/9:50:53',1.214,0.121,0.147,14.6
'2022/8/11/9:50:56',1.212,0.121,0.147,14.6
'2022/8/11/9:51:28',1.214,0.123,0.149,4.2
'2022/8/11/9:51:32',1.214,0.121,0.147,6.2
'2022/8/11/9:51:33',1.214,0.121,0.147,8.3
'2022/8/11/9:51:35',1.212,0.120,0.145,10.4
'2022/8/11/9:51:37',1.212,0.120,0.145,10.4
'2022/8/11/9:51:39',1.214,0.121,0.147,8.3
'2022/8/11/9:51:41',1.212,0.123,0.149,10.4
'2022/8/11/9:51:42',1.214,0.121,0.147,12.5
'2022/8/11/9:51:44',1.214,0.121,0.147,12.5
'2022/8/11/9:51:46',1.212,0.121,0.147,12.5
'2022/8/11/9:51:48',1.212,0.120,0.145,12.5
'2022/8/11/9:51:49',1.212,0.121,0.147,12.5
'2022/8/11/9:51:51',1.214,0.120,0.146,14.6
'2022/8/11/9:51:53',1.214,0.121,0.147,14.6
'2022/8/11/9:52:10',1.212,0.120,0.145,4.2
'2022/8/11/9:52:13',1.214,0.120,0.146,6.2
'2022/8/11/9:52:15',1.212,0.120,0.145,8.3
'2022/8/11/9:52:17',1.212,0.121,0.147,10.4
'2022/8/11/9:52:18',1.212,0.121,0.147,10.4
'2022/8/11/9:52:20',1.212,0.120,0.145,10.4
'2022/8/11/9:52:22',1.212,0.121,0.147,10.4
'2022/8/11/9:52:23',1.214,0.121,0.147,10.4
'2022/8/11/9:52:25',1.212,0.121,0.147,10.4
'2022/8/11/9:52:27',1.211,0.120,0.145,8.3
'2022/8/11/9:52:28',1.212,0.120,0.145,10.4
'2022/8/11/9:52:30',1.211,0.121,0.147,12.5
'2022/8/11/9:52:31',1.212,0.121,0.147,12.5
'2022/8/11/9:52:33',1.212,0.120,0.145,12.5
'2022/8/11/9:52:35',1.212,0.123,0.149,12.5
'2022/8/11/9:52:36',1.211,0.120,0.145,10.4
'2022/8/11/9:52:38',1.212,0.121,0.147,8.3
'2022/8/11/9:52:40',1.212,0.121,0.147,10.4
'2022/8/11/9:52:42',1.212,0.120,0.145,10.4
'2022/8/11/9:52:43',1.211,0.121,0.147,12.5
'2022/8/11/9:52:45',1.211,0.123,0.149,12.5
'2022/8/11/9:52:47',1.212,0.121,0.147,14.6
'2022/8/11/9:52:48',1.212,0.123,0.149,14.6
'2022/8/11/9:52:50',1.212,0.121,0.147,14.6
'2022/8/11/9:52:52',1.211,0.121,0.147,14.6
'2022/8/11/9:52:54',1.212,0.121,0.147,14.6
'2022/8/11/9:52:55',1.211,0.121,0.147,14.6
'2022/8/11/9:52:57',1.211,0.120,0.145,14.6
'2022/8/11/9:52:59',1.212,0.121,0.147,12.5
'2022/8/11/9:53:1',1.212,0.121,0.147,12.5
'2022/8/11/9:53:2',1.212,0.121,0.147,12.5
'2022/8/11/9:53:4',1.214,0.121,0.147,12.5
'2022/8/11/9:53:6',1.211,0.121,0.147,12.5
'2022/8/11/9:53:8',1.212,0.121,0.147,12.5
'2022/8/11/9:53:9',1.212,0.121,0.147,12.5
'2022/8/11/9:53:11',1.211,0.121,0.147,12.5
'2022/8/11/9:53:13',1.211,0.120,0.145,12.5
'2022/8/11/9:53:15',1.212,0.120,0.145,12.5
'2022/8/11/9:53:16',1.211,0.121,0.147,14.6
'2022/8/11/9:53:18',1.214,0.124,0.151,12.5
'2022/8/11/9:56:50',1.210,0.120,0.145,4.2
'2022/8/11/9:56:53',1.210,0.120,0.145,6.2
'2022/8/11/9:56:55',1.209,0.120,0.145,8.3
'2022/8/11/9:56:57',1.210,0.120,0.145,10.4
'2022/8/11/9:56:59',1.210,0.120,0.145,10.4
'2022/8/11/9:57:0',1.210,0.120,0.145,10.4
'2022/8/11/9:57:2',1.210,0.121,0.146,10.4
'2022/8/11/9:57:4',1.211,0.121,0.147,8.3
'2022/8/11/9:57:5',1.210,0.120,0.145,10.4
'2022/8/11/9:57:7',1.209,0.121,0.146,12.5
'2022/8/11/9:57:8',1.210,0.120,0.145,14.6
'2022/8/11/11:21:32',1.183,0.118,0.140,4.2
'2022/8/11/11:21:36',1.183,0.119,0.141,6.2
'2022/8/11/11:21:37',1.184,0.118,0.140,8.3
'2022/8/11/11:21:39',1.183,0.119,0.141,10.4
'2022/8/11/11:21:41',1.184,0.119,0.141,10.4
'2022/8/11/11:21:42',1.183,0.116,0.137,8.3
'2022/8/11/11:21:44',1.184,0.118,0.140,10.4
'2022/8/11/11:21:46',1.183,0.118,0.140,10.4
'2022/8/11/11:21:47',1.183,0.118,0.140,10.4
'2022/8/11/11:21:49',1.184,0.119,0.141,8.3
'2022/8/11/11:21:51',1.184,0.116,0.137,10.4
'2022/8/11/11:21:52',1.183,0.119,0.141,12.5
'2022/8/11/11:21:54',1.184,0.118,0.140,14.6
'2022/8/11/11:21:56',1.184,0.118,0.140,14.6
'2022/8/11/11:21:57',1.183,0.119,0.141,16.7
'2022/8/11/11:21:59',1.184,0.118,0.140,18.8
'2022/8/11/11:22:1',1.183,0.118,0.140,18.8
'2022/8/11/11:22:2',1.183,0.118,0.140,18.8
'2022/8/11/11:22:4',1.183,0.116,0.137,18.8
'2022/8/11/11:22:6',1.183,0.118,0.140,18.8
'2022/8/11/11:22:8',1.183,0.118,0.140,18.8
'2022/8/11/11:22:9',1.184,0.119,0.141,16.7
'2022/8/11/11:22:11',1.183,0.118,0.140,14.6
'2022/8/11/11:22:13',1.185,0.118,0.140,14.6
'2022/8/11/11:22:15',1.184,0.116,0.137,12.5
'2022/8/11/11:22:16',1.183,0.119,0.141,14.6
'2022/8/11/11:22:18',1.184,0.119,0.141,14.6
'2022/8/11/11:22:20',1.184,0.118,0.140,14.6
'2022/8/11/11:22:22',1.184,0.119,0.141,14.6
'2022/8/11/11:22:23',1.183,0.118,0.140,12.5
'2022/8/11/11:22:25',1.184,0.118,0.140,12.5
'2022/8/11/11:22:27',1.181,0.118,0.139,10.4
'2022/8/11/11:22:28',1.183,0.118,0.140,8.3
'2022/8/11/11:22:30',1.184,0.119,0.141,10.4
'2022/8/11/11:22:32',1.181,0.119,0.141,10.4
'2022/8/11/11:22:34',1.183,0.118,0.140,12.5
'2022/8/11/11:22:36',1.183,0.118,0.140,12.5
'2022/8/11/11:22:37',1.183,0.119,0.141,12.5
'2022/8/11/11:22:39',1.184,0.116,0.137,14.6
'2022/8/11/11:22:41',1.183,0.118,0.140,16.7
'2022/8/11/11:22:43',1.183,0.118,0.140,16.7
'2022/8/11/11:22:44',1.183,0.118,0.140,16.7
'2022/8/11/11:22:46',1.184,0.118,0.140,16.7
'2022/8/11/11:22:48',1.183,0.118,0.140,16.7
'2022/8/11/11:22:50',1.183,0.119,0.141,16.7
'2022/8/11/11:22:51',1.184,0.119,0.141,16.7
'2022/8/11/11:22:53',1.183,0.119,0.141,16.7
'2022/8/11/11:22:55',1.183,0.118,0.140,16.7
'2022/8/11/11:22:57',1.183,0.119,0.141,16.7
'2022/8/11/11:22:59',1.183,0.118,0.140,16.7
'2022/8/11/11:23:0',1.184,0.118,0.140,16.7
'2022/8/11/11:23:2',1.183,0.119,0.141,18.8
'2022/8/11/11:23:4',1.183,0.118,0.140,18.8
'2022/8/11/11:23:6',1.183,0.118,0.140,18.8
'2022/8/11/11:23:8',1.183,0.116,0.137,18.8
'2022/8/11/11:23:9',1.183,0.118,0.140,18.8
'2022/8/11/11:23:11',1.184,0.116,0.137,20.8
'2022/8/11/11:23:13',1.183,0.118,0.140,22.9
'2022/8/11/11:23:15',1.183,0.119,0.141,22.9
'2022/8/11/11:23:17',1.183,0.118,0.140,22.9
'2022/8/11/11:23:19',1.181,0.118,0.139,20.8
'2022/8/11/11:23:20',1.184,0.118,0.140,18.8
'2022/8/11/11:23:22',1.183,0.118,0.140,18.8
'2022/8/11/11:23:24',1.184,0.118,0.140,18.8
'2022/8/11/11:23:26',1.181,0.116,0.137,16.7
'2022/8/11/11:23:28',1.183,0.119,0.141,14.6
'2022/8/11/11:23:30',1.183,0.118,0.140,14.6
'2022/8/11/11:23:31',1.181,0.116,0.137,12.5
'2022/8/11/11:23:33',1.183,0.118,0.140,10.4
'2022/8/11/11:39:47',1.179,0.119,0.140,4.2
'2022/8/11/11:39:51',1.179,0.118,0.139,6.2
'2022/8/11/11:39:53',1.179,0.116,0.137,8.3
'2022/8/11/11:39:55',1.177,0.118,0.139,10.4
'2022/8/11/11:39:57',1.179,0.116,0.137,12.5
'2022/8/11/11:39:59',1.180,0.116,0.137,12.5
'2022/8/11/11:40:1',1.177,0.118,0.139,14.6
'2022/8/11/11:40:3',1.179,0.118,0.139,14.6
'2022/8/11/11:40:4',1.179,0.116,0.137,14.6
'2022/8/11/11:40:6',1.179,0.118,0.139,14.6
'2022/8/11/11:40:8',1.180,0.118,0.139,14.6
'2022/8/11/11:40:10',1.177,0.118,0.139,14.6
'2022/8/11/11:40:12',1.179,0.118,0.139,14.6
'2022/8/11/11:40:14',1.179,0.118,0.139,14.6
'2022/8/11/11:51:51',1.176,0.118,0.139,84.4
'2022/8/11/11:51:55',1.176,0.116,0.136,84.4
'2022/8/11/11:51:57',1.176,0.118,0.139,84.4
'2022/8/11/11:51:59',1.176,0.118,0.139,84.4
'2022/8/11/11:52:1',1.175,0.116,0.136,83.3
'2022/8/11/11:52:3',1.175,0.119,0.140,83.3
'2022/8/11/11:52:5',1.176,0.116,0.136,84.4
'2022/8/11/11:52:6',1.176,0.118,0.139,84.4
'2022/8/11/11:52:8',1.175,0.118,0.139,84.4
'2022/8/11/11:52:10',1.176,0.118,0.139,84.4
'2022/8/11/11:52:12',1.174,0.116,0.136,83.3
'2022/8/11/11:52:14',1.175,0.118,0.139,82.3
'2022/8/11/11:52:16',1.176,0.116,0.136,83.3
'2022/8/11/11:52:18',1.176,0.118,0.139,83.3
'2022/8/11/11:52:20',1.175,0.116,0.136,82.3
'2022/8/11/11:52:22',1.175,0.119,0.140,82.3
'2022/8/11/11:52:24',1.175,0.119,0.140,82.3
'2022/8/11/11:52:26',1.174,0.118,0.139,81.2
'2022/8/11/11:52:28',1.175,0.118,0.139,81.2
'2022/8/11/11:52:30',1.175,0.116,0.136,81.2
'2022/8/11/11:52:32',1.175,0.118,0.139,81.2
'2022/8/11/11:52:34',1.176,0.120,0.141,80.2
'2022/8/11/11:52:36',1.176,0.118,0.139,80.2
'2022/8/11/11:52:38',1.176,0.118,0.139,80.2
'2022/8/11/11:52:40',1.175,0.118,0.139,80.2
'2022/8/11/11:52:42',1.175,0.116,0.136,80.2
'2022/8/11/11:52:44',1.176,0.118,0.139,79.2
'2022/8/11/11:52:45',1.175,0.119,0.140,80.2
'2022/8/11/11:52:47',1.175,0.118,0.139,80.2
'2022/8/11/11:52:49',1.175,0.116,0.136,80.2
'2022/8/11/11:52:51',1.175,0.118,0.139,80.2
'2022/8/11/11:52:53',1.175,0.116,0.136,80.2
'2022/8/11/11:52:55',1.175,0.119,0.140,80.2
'2022/8/11/11:52:57',1.175,0.118,0.139,80.2
'2022/8/11/11:52:59',1.176,0.118,0.139,80.2
'2022/8/11/11:53:1',1.176,0.116,0.136,80.2
'2022/8/11/11:53:3',1.176,0.116,0.136,80.2
'2022/8/11/11:53:5',1.174,0.118,0.139,81.2
'2022/8/11/11:53:7',1.175,0.118,0.139,81.2
'2022/8/11/11:53:9',1.175,0.118,0.139,81.2
'2022/8/11/11:53:11',1.175,0.116,0.136,81.2
'2022/8/11/11:53:13',1.175,0.116,0.136,81.2
'2022/8/11/11:53:15',1.175,0.116,0.136,81.2
'2022/8/11/11:53:17',1.175,0.119,0.140,81.2
'2022/8/11/11:53:19',1.177,0.118,0.139,82.3
'2022/8/11/11:53:21',1.176,0.116,0.136,81.2
'2022/8/11/11:53:23',1.175,0.116,0.136,81.2
'2022/8/11/11:53:25',1.174,0.116,0.136,81.2
'2022/8/11/11:53:27',1.176,0.118,0.139,80.2
'2022/8/11/11:53:29',1.176,0.120,0.141,80.2
'2022/8/11/11:53:31',1.175,0.118,0.139,79.2
'2022/8/11/11:53:33',1.176,0.116,0.136,80.2
'2022/8/11/11:53:35',1.174,0.116,0.136,80.2
'2022/8/11/11:53:37',1.175,0.118,0.139,79.2
'2022/8/11/11:53:39',1.176,0.118,0.139,79.2
'2022/8/11/11:53:41',1.175,0.118,0.139,79.2
'2022/8/11/11:53:43',1.175,0.119,0.140,79.2
'2022/8/11/11:53:45',1.175,0.118,0.139,79.2
'2022/8/11/11:53:47',1.175,0.118,0.139,79.2
'2022/8/11/11:53:49',1.175,0.116,0.136,79.2
'2022/8/11/11:53:51',1.175,0.118,0.139,79.2
'2022/8/11/11:53:53',1.176,0.118,0.139,79.2
'2022/8/11/11:53:56',1.176,0.118,0.139,79.2
'2022/8/11/11:53:58',1.176,0.118,0.139,79.2
'2022/8/11/11:54:0',1.175,0.116,0.136,78.1
'2022/8/11/11:54:2',1.174,0.116,0.136,78.1
'2022/8/11/11:54:4',1.176,0.118,0.139,77.1
'2022/8/11/11:54:6',1.175,0.116,0.136,76.0
'2022/8/11/11:54:9',1.175,0.116,0.136,76.0
'2022/8/11/11:54:11',1.174,0.118,0.139,77.1
'2022/8/11/11:54:13',1.175,0.116,0.136,78.1
'2022/8/11/11:54:15',1.176,0.119,0.140,77.1
'2022/8/11/11:54:17',1.176,0.118,0.139,77.1
'2022/8/11/11:54:19',1.176,0.116,0.136,77.1
'2022/8/11/11:54:21',1.177,0.116,0.137,76.0
'2022/8/11/11:54:23',1.175,0.118,0.139,77.1
'2022/8/11/11:54:25',1.175,0.119,0.140,77.1
'2022/8/11/11:54:27',1.175,0.116,0.136,77.1
'2022/8/11/11:54:29',1.174,0.118,0.139,78.1
'2022/8/11/11:54:31',1.176,0.118,0.139,78.1
'2022/8/11/11:54:34',1.174,0.116,0.136,77.1
'2022/8/11/11:54:36',1.175,0.118,0.139,76.0
'2022/8/11/11:54:38',1.175,0.118,0.139,76.0
'2022/8/11/11:54:40',1.175,0.118,0.139,76.0
'2022/8/11/11:54:42',1.176,0.119,0.140,75.0
'2022/8/11/11:54:44',1.175,0.118,0.139,74.0
'2022/8/11/11:54:47',1.175,0.118,0.139,74.0
'2022/8/11/11:54:49',1.174,0.116,0.136,72.9
'2022/8/11/11:54:51',1.176,0.118,0.139,71.9
'2022/8/11/11:54:53',1.174,0.118,0.139,71.9
'2022/8/11/11:54:55',1.174,0.118,0.139,71.9
'2022/8/11/11:54:57',1.175,0.118,0.139,71.9
'2022/8/11/11:55:0',1.175,0.116,0.136,71.9
'2022/8/11/11:55:2',1.175,0.116,0.136,71.9
'2022/8/11/11:55:4',1.174,0.118,0.139,72.9
'2022/8/11/11:55:6',1.175,0.118,0.139,72.9
'2022/8/11/11:55:8',1.175,0.116,0.136,72.9
'2022/8/11/11:55:11',1.175,0.118,0.139,72.9
'2022/8/11/11:55:13',1.175,0.118,0.139,72.9
'2022/8/11/11:55:15',1.175,0.118,0.139,72.9
'2022/8/11/11:55:17',1.176,0.118,0.139,72.9
'2022/8/11/11:55:19',1.176,0.116,0.136,72.9
'2022/8/11/11:55:22',1.175,0.118,0.139,74.0
'2022/8/11/11:55:24',1.175,0.118,0.139,74.0
'2022/8/11/11:55:26',1.175,0.119,0.140,74.0
'2022/8/11/11:55:28',1.175,0.118,0.139,74.0
'2022/8/11/11:55:31',1.174,0.118,0.139,74.0
'2022/8/11/11:55:33',1.174,0.118,0.139,74.0
'2022/8/11/11:55:35',1.174,0.118,0.139,74.0
'2022/8/11/11:55:38',1.175,0.116,0.136,75.0
'2022/8/11/11:55:40',1.176,0.118,0.139,74.0
'2022/8/11/11:55:42',1.175,0.120,0.141,75.0
'2022/8/11/11:55:44',1.175,0.116,0.136,75.0
'2022/8/11/11:55:47',1.175,0.116,0.136,75.0
'2022/8/11/11:55:49',1.174,0.118,0.139,76.0
'2022/8/11/11:55:51',1.175,0.119,0.140,75.0
'2022/8/11/11:55:54',1.175,0.116,0.136,75.0
'2022/8/11/11:55:56',1.175,0.118,0.139,75.0
'2022/8/11/11:55:58',1.175,0.118,0.139,75.0
'2022/8/11/11:56:1',1.175,0.118,0.139,75.0
'2022/8/11/11:56:3',1.174,0.118,0.139,75.0
'2022/8/11/11:56:5',1.175,0.116,0.136,76.0
'2022/8/11/11:56:8',1.175,0.118,0.139,76.0
'2022/8/11/11:56:10',1.176,0.118,0.139,76.0
'2022/8/11/11:56:13',1.174,0.118,0.139,76.0
'2022/8/11/11:56:15',1.175,0.119,0.140,75.0
'2022/8/11/11:56:17',1.174,0.118,0.139,74.0
'2022/8/11/11:56:20',1.176,0.118,0.139,74.0
'2022/8/11/11:56:22',1.175,0.116,0.136,72.9
'2022/8/11/11:56:25',1.174,0.118,0.139,74.0
'2022/8/11/11:56:27',1.175,0.119,0.140,72.9
'2022/8/11/11:56:29',1.174,0.116,0.136,71.9
'2022/8/11/11:56:32',1.174,0.119,0.140,71.9
'2022/8/11/11:56:34',1.176,0.118,0.139,72.9
'2022/8/11/11:56:37',1.175,0.118,0.139,72.9
'2022/8/11/11:56:39',1.174,0.118,0.139,72.9
'2022/8/11/11:56:42',1.175,0.118,0.139,72.9
'2022/8/11/11:56:44',1.175,0.118,0.139,72.9
'2022/8/11/11:56:46',1.175,0.118,0.139,72.9
'2022/8/11/11:56:49',1.175,0.118,0.139,72.9
'2022/8/11/11:56:51',1.174,0.118,0.139,72.9
'2022/8/11/11:56:54',1.175,0.118,0.139,72.9
'2022/8/11/11:56:56',1.176,0.118,0.139,72.9
'2022/8/11/11:56:59',1.174,0.116,0.136,71.9
'2022/8/11/11:57:1',1.175,0.118,0.139,70.8
'2022/8/11/11:57:4',1.175,0.116,0.136,70.8
'2022/8/11/11:57:6',1.174,0.116,0.136,70.8
'2022/8/11/11:57:9',1.175,0.118,0.139,69.8
'2022/8/11/11:57:11',1.174,0.116,0.136,68.8
'2022/8/11/11:57:14',1.175,0.116,0.136,68.8
'2022/8/11/11:57:16',1.175,0.118,0.139,68.8
'2022/8/11/11:57:19',1.175,0.118,0.139,68.8
'2022/8/11/11:57:21',1.174,0.119,0.140,69.8
'2022/8/11/11:57:24',1.175,0.116,0.136,70.8
'2022/8/11/11:57:26',1.175,0.119,0.140,70.8
'2022/8/11/11:57:29',1.175,0.118,0.139,70.8
'2022/8/11/11:57:31',1.174,0.116,0.136,69.8
'2022/8/11/11:57:34',1.175,0.118,0.139,68.8
'2022/8/11/11:57:37',1.175,0.116,0.136,68.8
'2022/8/11/11:57:39',1.175,0.118,0.139,68.8
'2022/8/11/11:57:42',1.175,0.118,0.139,68.8
'2022/8/11/11:57:44',1.175,0.118,0.139,68.8
'2022/8/11/11:57:47',1.174,0.118,0.139,68.8
'2022/8/11/11:57:50',1.174,0.118,0.139,68.8
'2022/8/11/11:57:52',1.174,0.116,0.136,68.8
'2022/8/11/11:57:55',1.175,0.118,0.139,67.7
'2022/8/11/11:57:58',1.175,0.116,0.136,67.7
'2022/8/11/11:58:0',1.175,0.116,0.136,67.7
'2022/8/11/11:58:3',1.175,0.118,0.139,67.7
'2022/8/11/11:58:6',1.174,0.116,0.136,66.7
'2022/8/11/11:58:8',1.174,0.118,0.139,66.7
'2022/8/11/11:58:11',1.174,0.118,0.139,66.7
'2022/8/11/11:58:14',1.173,0.118,0.138,65.6
'2022/8/11/11:58:16',1.174,0.116,0.136,66.7
'2022/8/11/11:58:19',1.175,0.116,0.136,66.7
'2022/8/11/11:58:22',1.175,0.118,0.139,66.7
'2022/8/11/11:58:24',1.173,0.116,0.136,65.6
'2022/8/11/11:58:27',1.174,0.119,0.140,64.6
'2022/8/11/11:58:29',1.174,0.116,0.136,64.6
'2022/8/11/11:58:32',1.174,0.118,0.139,64.6
'2022/8/11/11:58:35',1.175,0.116,0.136,65.6
'2022/8/11/11:58:38',1.175,0.118,0.139,65.6
'2022/8/11/11:58:40',1.174,0.118,0.139,65.6
'2022/8/11/11:58:43',1.174,0.118,0.139,65.6
'2022/8/11/11:58:45',1.174,0.116,0.136,65.6
'2022/8/11/11:58:48',1.174,0.116,0.136,65.6
'2022/8/11/11:58:51',1.174,0.118,0.139,65.6
'2022/8/11/11:58:53',1.175,0.116,0.136,66.7
'2022/8/11/11:58:56',1.174,0.118,0.139,67.7
'2022/8/11/11:58:59',1.174,0.116,0.136,67.7
'2022/8/11/11:59:2',1.174,0.118,0.139,67.7
'2022/8/11/11:59:4',1.175,0.118,0.139,67.7
'2022/8/11/11:59:7',1.175,0.118,0.139,67.7
'2022/8/11/11:59:10',1.174,0.116,0.136,66.7
'2022/8/11/11:59:12',1.174,0.118,0.139,66.7
'2022/8/11/11:59:15',1.174,0.116,0.136,66.7
'2022/8/11/11:59:18',1.173,0.118,0.138,67.7
'2022/8/11/11:59:21',1.174,0.116,0.136,68.8
'2022/8/11/11:59:23',1.175,0.116,0.136,68.8
'2022/8/11/11:59:26',1.174,0.118,0.139,69.8
'2022/8/11/11:59:29',1.175,0.116,0.136,70.8
'2022/8/11/11:59:32',1.174,0.118,0.139,71.9
'2022/8/11/11:59:35',1.175,0.118,0.139,71.9
'2022/8/11/11:59:38',1.175,0.118,0.139,71.9
'2022/8/11/11:59:40',1.174,0.118,0.139,71.9
'2022/8/11/11:59:43',1.174,0.118,0.139,71.9
'2022/8/11/11:59:46',1.174,0.118,0.139,71.9
'2022/8/11/11:59:49',1.174,0.116,0.136,71.9
'2022/8/11/11:59:52',1.173,0.118,0.138,72.9
'2022/8/11/11:59:55',1.174,0.118,0.139,71.9
'2022/8/11/11:59:57',1.175,0.118,0.139,71.9
'2022/8/11/12:00:0',1.174,0.116,0.136,70.8
'2022/8/11/12:00:3',1.174,0.116,0.136,70.8
'2022/8/11/12:00:6',1.174,0.116,0.136,70.8
'2022/8/11/12:00:9',1.174,0.118,0.139,70.8
'2022/8/11/12:00:12',1.174,0.118,0.139,70.8
'2022/8/11/12:00:15',1.174,0.116,0.136,70.8
'2022/8/11/12:00:18',1.174,0.119,0.140,70.8
'2022/8/11/12:00:21',1.175,0.118,0.139,71.9
'2022/8/11/12:00:24',1.174,0.118,0.139,71.9
'2022/8/11/12:00:27',1.175,0.118,0.139,71.9
'2022/8/11/12:00:30',1.174,0.118,0.139,71.9
'2022/8/11/12:00:33',1.174,0.118,0.139,71.9
'2022/8/11/12:00:36',1.174,0.116,0.136,71.9
'2022/8/11/12:00:39',1.174,0.116,0.136,71.9
'2022/8/11/12:00:42',1.175,0.118,0.139,70.8
'2022/8/11/12:00:45',1.173,0.118,0.138,69.8
'2022/8/11/12:00:48',1.173,0.116,0.136,69.8
'2022/8/11/12:00:51',1.174,0.116,0.136,69.8
'2022/8/11/12:00:54',1.174,0.118,0.139,69.8
'2022/8/11/12:00:57',1.174,0.116,0.136,69.8
'2022/8/11/12:01:0',1.174,0.118,0.139,69.8
'2022/8/11/12:01:3',1.174,0.116,0.136,69.8
'2022/8/11/12:01:6',1.174,0.116,0.136,69.8
'2022/8/11/12:01:9',1.174,0.118,0.139,69.8
'2022/8/11/12:01:12',1.174,0.118,0.139,69.8
'2022/8/11/12:01:15',1.175,0.118,0.139,69.8
'2022/8/11/12:01:18',1.174,0.118,0.139,69.8
'2022/8/11/12:01:21',1.174,0.119,0.140,69.8
'2022/8/11/12:01:24',1.173,0.118,0.138,68.8
'2022/8/11/12:01:27',1.174,0.118,0.139,67.7
'2022/8/11/12:01:31',1.174,0.118,0.139,67.7
'2022/8/11/12:01:34',1.174,0.119,0.140,67.7
'2022/8/11/12:01:37',1.173,0.118,0.138,66.7
'2022/8/11/12:01:40',1.173,0.118,0.138,66.7
'2022/8/11/12:01:43',1.174,0.116,0.136,67.7
'2022/8/11/12:01:46',1.173,0.116,0.136,67.7
'2022/8/11/12:01:49',1.174,0.116,0.136,67.7
'2022/8/11/12:01:53',1.174,0.115,0.135,67.7
'2022/8/11/12:01:56',1.174,0.119,0.140,67.7
'2022/8/11/12:01:59',1.174,0.118,0.139,67.7
'2022/8/11/12:02:2',1.173,0.116,0.136,66.7
'2022/8/11/12:02:5',1.174,0.118,0.139,65.6
'2022/8/11/12:02:7',1.173,0.118,0.138,64.6
'2022/8/11/12:02:10',1.174,0.116,0.136,65.6
'2022/8/11/12:02:13',1.175,0.118,0.139,64.6
'2022/8/11/12:02:16',1.174,0.116,0.136,63.5
'2022/8/11/12:02:19',1.173,0.118,0.138,64.6
'2022/8/11/12:02:22',1.173,0.119,0.140,64.6
'2022/8/11/12:02:25',1.174,0.116,0.136,65.6
'2022/8/11/12:02:28',1.174,0.118,0.139,65.6
'2022/8/11/12:02:31',1.175,0.118,0.139,65.6
'2022/8/11/12:02:34',1.174,0.119,0.140,66.7
'2022/8/11/12:02:37',1.174,0.116,0.136,66.7
'2022/8/11/12:02:41',1.174,0.116,0.136,66.7
'2022/8/11/12:02:44',1.174,0.118,0.139,66.7
'2022/8/11/12:02:47',1.174,0.118,0.139,66.7
'2022/8/11/12:02:50',1.173,0.118,0.138,65.6
'2022/8/11/12:02:53',1.174,0.116,0.136,66.7
'2022/8/11/12:02:56',1.174,0.119,0.140,66.7
'2022/8/11/12:02:59',1.174,0.118,0.139,66.7
'2022/8/11/12:03:2',1.174,0.116,0.136,66.7
'2022/8/11/12:03:5',1.173,0.116,0.136,66.7
'2022/8/11/12:03:8',1.174,0.118,0.139,65.6
'2022/8/11/12:03:11',1.174,0.116,0.136,65.6
'2022/8/11/12:03:15',1.174,0.118,0.139,65.6
'2022/8/11/12:03:18',1.174,0.116,0.136,65.6
'2022/8/11/12:03:21',1.173,0.118,0.138,66.7
'2022/8/11/12:03:24',1.173,0.118,0.138,66.7
'2022/8/11/12:03:27',1.174,0.116,0.136,67.7
'2022/8/11/12:03:30',1.173,0.119,0.140,68.8
'2022/8/11/12:03:34',1.174,0.118,0.139,69.8
'2022/8/11/12:03:37',1.174,0.115,0.135,69.8
'2022/8/11/12:03:40',1.171,0.118,0.138,70.8
'2022/8/11/12:03:43',1.174,0.118,0.139,69.8
'2022/8/11/12:03:46',1.173,0.118,0.138,68.8
'2022/8/11/12:03:49',1.174,0.118,0.139,67.7
'2022/8/11/12:03:53',1.174,0.116,0.136,67.7
'2022/8/11/12:03:56',1.173,0.118,0.138,68.8
'2022/8/11/12:03:59',1.173,0.118,0.138,68.8
'2022/8/11/12:04:2',1.173,0.116,0.136,68.8
'2022/8/11/12:04:5',1.173,0.118,0.138,68.8
'2022/8/11/12:04:8',1.173,0.116,0.136,68.8
'2022/8/11/12:04:12',1.173,0.118,0.138,68.8
'2022/8/11/12:04:15',1.174,0.116,0.136,69.8
'2022/8/11/12:04:18',1.173,0.118,0.138,70.8
'2022/8/11/12:04:21',1.173,0.118,0.138,70.8
'2022/8/11/12:04:24',1.174,0.118,0.139,69.8
'2022/8/11/12:04:28',1.171,0.116,0.136,68.8
'2022/8/11/12:04:31',1.173,0.118,0.138,67.7
'2022/8/11/12:04:33',1.175,0.116,0.136,68.8
'2022/8/11/13:05:42',1.160,0.115,0.133,54.2
'2022/8/11/13:05:43',1.160,0.118,0.137,54.2
'2022/8/11/13:05:44',1.160,0.116,0.135,54.2
'2022/8/11/13:05:45',1.160,0.116,0.135,54.2
'2022/8/11/13:05:46',1.161,0.115,0.134,56.2
'2022/8/11/13:05:47',1.160,0.115,0.133,54.2
'2022/8/11/13:05:48',1.160,0.116,0.135,54.2
'2022/8/11/13:05:49',1.161,0.116,0.135,54.2
'2022/8/11/13:05:50',1.160,0.116,0.135,54.2
'2022/8/11/13:05:51',1.161,0.115,0.134,56.2
'2022/8/11/13:05:53',1.160,0.115,0.133,54.2
'2022/8/11/13:05:54',1.161,0.115,0.134,52.1
'2022/8/11/13:05:55',1.160,0.115,0.133,50.0
'2022/8/11/13:05:56',1.160,0.115,0.133,50.0
'2022/8/11/15:39:19',1.125,0.113,0.127,16.7
'2022/8/11/15:39:20',1.124,0.111,0.125,15.0
'2022/8/11/15:39:30',1.124,0.113,0.127,18.3
'2022/8/11/15:39:34',1.123,0.111,0.125,16.7
'2022/8/11/15:39:37',1.123,0.111,0.125,16.7
'2022/8/11/15:39:39',1.123,0.111,0.125,16.7
'2022/8/11/15:39:41',1.124,0.113,0.127,15.0
'2022/8/11/15:39:43',1.125,0.111,0.125,16.7
'2022/8/11/15:39:45',1.125,0.114,0.128,16.7
'2022/8/11/15:39:47',1.123,0.111,0.125,15.0
'2022/8/11/15:39:49',1.124,0.113,0.127,13.3
'2022/8/11/15:39:51',1.123,0.111,0.125,11.7
'2022/8/11/15:39:53',1.125,0.113,0.127,10.0
'2022/8/11/15:39:54',1.124,0.113,0.127,11.7
'2022/8/11/15:39:56',1.124,0.113,0.127,11.7
'2022/8/11/15:39:58',1.123,0.113,0.127,11.7
'2022/8/11/15:40:0',1.123,0.111,0.125,11.7
'2022/8/11/15:40:2',1.124,0.113,0.127,10.0
'2022/8/11/15:40:5',1.124,0.114,0.128,11.7
'2022/8/11/15:40:7',1.124,0.111,0.125,11.7
'2022/8/11/15:40:9',1.123,0.111,0.125,11.7
'2022/8/11/15:40:11',1.124,0.114,0.128,10.0
'2022/8/11/15:40:13',1.124,0.113,0.127,11.7
'2022/8/11/15:40:15',1.124,0.113,0.127,11.7
'2022/8/11/15:40:17',1.124,0.113,0.127,11.7
'2022/8/11/15:40:19',1.124,0.113,0.127,11.7
'2022/8/11/15:40:21',1.123,0.111,0.125,10.0
'2022/8/11/15:40:23',1.123,0.114,0.128,11.7
'2022/8/11/15:40:25',1.123,0.113,0.127,11.7
'2022/8/11/15:40:27',1.124,0.113,0.127,11.7
'2022/8/11/15:40:29',1.124,0.113,0.127,11.7
'2022/8/11/15:40:31',1.124,0.113,0.127,11.7
'2022/8/11/15:40:33',1.124,0.111,0.125,11.7
'2022/8/11/15:40:35',1.124,0.113,0.127,11.7
'2022/8/11/15:40:37',1.124,0.113,0.127,11.7
'2022/8/11/15:40:39',1.123,0.113,0.127,11.7
'2022/8/11/15:40:41',1.124,0.113,0.127,11.7
'2022/8/11/15:40:43',1.123,0.113,0.127,11.7
'2022/8/11/15:40:45',1.124,0.111,0.125,13.3
'2022/8/11/15:40:47',1.124,0.113,0.127,13.3
'2022/8/11/15:40:49',1.124,0.111,0.125,13.3
'2022/8/11/15:40:51',1.124,0.113,0.127,13.3
'2022/8/11/15:40:53',1.124,0.111,0.125,13.3
'2022/8/11/15:40:55',1.124,0.113,0.127,13.3
